Commodity,Best_Order,AIC,MAE,RMSE,Train_Size,Test_Size
Groundnut,"(3, 1, 2)",334.87724512222917,382.3002398808159,472.04059103904126,24,12
Linseed (Flaxseed),"(3, 1, 2)",332.0086143312844,181.35837254477838,235.43636936183924,24,12
Mustard,"(0, 1, 0)",328.92685665800536,759.7141666666668,810.4010875332042,24,12
Sesame,"(0, 1, 0)",343.2471326137585,553.3591666666666,655.214759468222,24,12
Soybean,"(0, 1, 0)",344.0742171595392,455.3041666666668,520.0069988070675,24,12
